file_name,text
codigo_de_posturas_-_1831_p001_p000.jpg,Transcrição das Atas da Câmara Municipal - 1829 a 1833
codigo_de_posturas_-_1831_p001_p001.jpg,Sessão de 11 de Julho de 1831
codigo_de_posturas_-_1831_p001_p002.jpg,[fl.] 100
codigo_de_posturas_-_1831_p001_p003.jpg,Prado
codigo_de_posturas_-_1831_p001_p004.jpg,(...)
codigo_de_posturas_-_1831_p001_p005.jpg,Leu-se um Projeto de Posturas com treze artigos seguintes
codigo_de_posturas_-_1831_p001_p006.jpg,"Artigo 1º – Ninguém poderá vender armas ofensivas,"
codigo_de_posturas_-_1831_p001_p007.jpg,"ou defensivas, pólvora, ou chumbo sem prévia licença"
codigo_de_posturas_-_1831_p001_p008.jpg,do Juiz de Paz do Distrito para comércio naque-
codigo_de_posturas_-_1831_p001_p009.jpg,le gênero = O contraventor será preso por quatro
codigo_de_posturas_-_1831_p001_p010.jpg,"dias, e pagará dez mil réis de multa."
codigo_de_posturas_-_1831_p001_p011.jpg,"Artigo 2º - Nenhum negociante venderá pólvora,"
codigo_de_posturas_-_1831_p001_p012.jpg,"chumbo, armas ofensivas, e defensivas, a escravos, ou"
codigo_de_posturas_-_1831_p001_p013.jpg,"pessoas de suspeitas, ou desconhecidas. O contra-"
codigo_de_posturas_-_1831_p001_p014.jpg,"ventor terá oito dias de prisão, e pagará vinte mil"
codigo_de_posturas_-_1831_p001_p015.jpg,réis de multa.
codigo_de_posturas_-_1831_p001_p016.jpg,Artigo 3º - Os escravos não poderão trabalhar so-
codigo_de_posturas_-_1831_p001_p017.jpg,"bre si em oficinas de Ferreiro, e menos adminis-"
codigo_de_posturas_-_1831_p001_p018.jpg,"trá-las. O contraventor será preso por oito dias,"
codigo_de_posturas_-_1831_p001_p019.jpg,[fl.100v]
codigo_de_posturas_-_1831_p001_p020.jpg,e o senhor pagará oito mil réis de multa.
codigo_de_posturas_-_1831_p001_p021.jpg,"Artigo 4º - As Oficinas de Ferreiros, e mais ofícios não"
codigo_de_posturas_-_1831_p001_p022.jpg,"construirão, ou consertarão armas aos escravos, e ou pessoas"
codigo_de_posturas_-_1831_p001_p023.jpg,"de suspeitas, e desconhecidas; o contraventor sendo livre"
codigo_de_posturas_-_1831_p001_p024.jpg,"terá oito dias de prisão, e pagará vinte mil réis de"
codigo_de_posturas_-_1831_p001_p025.jpg,"multa, sendo escravo será preso por quatro dias, e seu"
codigo_de_posturas_-_1831_p001_p026.jpg,senhor avisado para lhe mandar dar duzentos açoites na
codigo_de_posturas_-_1831_p001_p027.jpg,"grade da cadeia, e quando repugne será preso por dez"
codigo_de_posturas_-_1831_p001_p028.jpg,"dias, e pagará a multa do artigo antecedente."
codigo_de_posturas_-_1831_p002_p000.jpg,Artigo 5º - Nenhuma pessoa poderá passar na Vila
codigo_de_posturas_-_1831_p002_p001.jpg,"com armas ofensivas, e defensivas como armas de fogo"
codigo_de_posturas_-_1831_p002_p002.jpg,"faca, zagaia, espada, e bordão. O contraventor sendo"
codigo_de_posturas_-_1831_p002_p003.jpg,"livre terá a pena de prisão por quatro dias, e paga-"
codigo_de_posturas_-_1831_p002_p004.jpg,ra quatro mil réis de multa; sendo escravo será pre-
codigo_de_posturas_-_1831_p002_p005.jpg,so por quatro dias: seu senhor avisado para lhe man-
codigo_de_posturas_-_1831_p002_p006.jpg,dar dar duzentos açoites na grade da cadeia; quando repug
codigo_de_posturas_-_1831_p002_p007.jpg,"ne será preso por oito dias, e pagará vinte mil réis de multa."
codigo_de_posturas_-_1831_p002_p008.jpg,Artigo 6º - Os escravos não poderão andar em magotes
codigo_de_posturas_-_1831_p002_p009.jpg,"pelas ruas, ou rocio logo que chegue ao número de"
codigo_de_posturas_-_1831_p002_p010.jpg,seis indivíduos: serão dispersados; resistindo serão pre-
codigo_de_posturas_-_1831_p002_p011.jpg,"sos, e açoitados como no artigo quarto."
codigo_de_posturas_-_1831_p002_p012.jpg,Artigo 7º - Nenhum senhor poderá trazer seus escravos
codigo_de_posturas_-_1831_p002_p013.jpg,"ou escravas a [jornal] avulso sem alugador certo, e deter-"
codigo_de_posturas_-_1831_p002_p014.jpg,minado. O contraventor será preso por quatro
codigo_de_posturas_-_1831_p002_p015.jpg,dias ou pagará quatro mil réis de multa.
codigo_de_posturas_-_1831_p002_p016.jpg,Artigo 8º - Todo escravo que por ato de pala-
codigo_de_posturas_-_1831_p002_p017.jpg,"vras dê indícios de insurreição, ou levante será castiga-"
codigo_de_posturas_-_1831_p002_p018.jpg,"do como no artigo quarto, e seu senhor avisado pa-"
codigo_de_posturas_-_1831_p002_p019.jpg,"[ra o trazer em ferros] por tempo de seis meses, quando"
codigo_de_posturas_-_1831_p002_p020.jpg,este repugne pagará oito mil réis de multa.
codigo_de_posturas_-_1831_p002_p021.jpg,[fl.] 101
codigo_de_posturas_-_1831_p002_p022.jpg,Prado
codigo_de_posturas_-_1831_p002_p023.jpg,Artigo 9º - Toda a pessoa desconhecida que apare-
codigo_de_posturas_-_1831_p002_p024.jpg,cer sem passaporte dentro do município será
codigo_de_posturas_-_1831_p002_p025.jpg,preso e levado perante o juiz de paz do lugar pa-
codigo_de_posturas_-_1831_p002_p026.jpg,"ra fazer a competente indagação da pessoa, e finda"
codigo_de_posturas_-_1831_p002_p027.jpg,a viagem; sendo livre será preso por quatro dias
codigo_de_posturas_-_1831_p003_p000.jpg,Artigo 10º - Toda a pessoa que comprar a escravos qual-
codigo_de_posturas_-_1831_p003_p001.jpg,"quer gênero, como seja ouro, prata ou outro qualquer"
codigo_de_posturas_-_1831_p003_p002.jpg,"gênero, de fazendas roupas, mantimentos, e toda e qual-"
codigo_de_posturas_-_1831_p003_p003.jpg,quer espécie que seja sem apresentar bilhete de
codigo_de_posturas_-_1831_p003_p004.jpg,seu senhor o contraventor terá a pena de quatro dias de
codigo_de_posturas_-_1831_p003_p005.jpg,prisão e pagará quatro mil reis de multa.
codigo_de_posturas_-_1831_p003_p006.jpg,Artigo 11º - Os escravos que formarem ajuntamentos pa-
codigo_de_posturas_-_1831_p003_p007.jpg,ra danças dentro do rocio da Vila serão presos por-
codigo_de_posturas_-_1831_p003_p008.jpg,"dois dias, e seus senhores avisados para lhes mandar"
codigo_de_posturas_-_1831_p003_p009.jpg,"dar nas grades da cadeia vinte e cinco açoites, quan-"
codigo_de_posturas_-_1831_p003_p010.jpg,do repugnem serão multados em seis mil réis.
codigo_de_posturas_-_1831_p003_p011.jpg,"Artigo 12º - Toda a pessoa livre, ou escrava que co-"
codigo_de_posturas_-_1831_p003_p012.jpg,"merciar, ou favorecer pessoas livres, de suspeita, ou"
codigo_de_posturas_-_1831_p003_p013.jpg,escravos fugidos. O contraventor sendo livre se-
codigo_de_posturas_-_1831_p003_p014.jpg,"rá preso por oito dias, pagará multa de dez"
codigo_de_posturas_-_1831_p003_p015.jpg,"mil réis, sendo escravo será preso por quatro dias"
codigo_de_posturas_-_1831_p003_p016.jpg,seu senhor avisado para lhe mandar dar nas grades
codigo_de_posturas_-_1831_p003_p017.jpg,"da cadeia duzentos açoites, e quando repugne seja"
codigo_de_posturas_-_1831_p003_p018.jpg,multado como no artigo quarto.
codigo_de_posturas_-_1831_p003_p019.jpg,Artigo 13º - Nenhum indivíduo poderá levantar
codigo_de_posturas_-_1831_p003_p020.jpg,[ † ] nas ruas com qualquer pretexto que
codigo_de_posturas_-_1831_p003_p021.jpg,seja dentro do recinto da Vila. O contraventor
codigo_de_posturas_-_1831_p003_p022.jpg,"terá a pena de quatro mil de multa, e quatro"
codigo_de_posturas_-_1831_p003_p023.jpg,dias de prisão. – Paço da Câmara 9 de julho.
codigo_de_posturas_-_1831_p003_p024.jpg,Transcrição e edição: Paulo Vicentini (AHMJ).
codigo_de_posturas_-_1831_p003_p025.jpg,Revisão: Isabella Ferraro e Gilson Santos (AHMJ).
pagamento_realizado_ao_capitao_do_mato_thomas_pardo_por_ter_posto_a_cabeca_de_um_negro_quilombola_na_estrada_real_que_vai_para_sao_paulo_-_27_de_novembro_de_1751_p001_p000.jpg,Autos de Diligências Policiais e de Mandados de Pagamentos da Câmara Municipal -
pagamento_realizado_ao_capitao_do_mato_thomas_pardo_por_ter_posto_a_cabeca_de_um_negro_quilombola_na_estrada_real_que_vai_para_sao_paulo_-_27_de_novembro_de_1751_p001_p001.jpg,1742 a 1783
pagamento_realizado_ao_capitao_do_mato_thomas_pardo_por_ter_posto_a_cabeca_de_um_negro_quilombola_na_estrada_real_que_vai_para_sao_paulo_-_27_de_novembro_de_1751_p001_p002.jpg,Mandado de Pagamento de 27 de Novembro de 1759
pagamento_realizado_ao_capitao_do_mato_thomas_pardo_por_ter_posto_a_cabeca_de_um_negro_quilombola_na_estrada_real_que_vai_para_sao_paulo_-_27_de_novembro_de_1751_p001_p003.jpg,[fl. 113v]
pagamento_realizado_ao_capitao_do_mato_thomas_pardo_por_ter_posto_a_cabeca_de_um_negro_quilombola_na_estrada_real_que_vai_para_sao_paulo_-_27_de_novembro_de_1751_p001_p004.jpg,Mandado para o procurador
pagamento_realizado_ao_capitao_do_mato_thomas_pardo_por_ter_posto_a_cabeca_de_um_negro_quilombola_na_estrada_real_que_vai_para_sao_paulo_-_27_de_novembro_de_1751_p001_p005.jpg,do conselho Nicolau Guedes Pin-
pagamento_realizado_ao_capitao_do_mato_thomas_pardo_por_ter_posto_a_cabeca_de_um_negro_quilombola_na_estrada_real_que_vai_para_sao_paulo_-_27_de_novembro_de_1751_p001_p006.jpg,to satisfazer pelos réditos da mes-
pagamento_realizado_ao_capitao_do_mato_thomas_pardo_por_ter_posto_a_cabeca_de_um_negro_quilombola_na_estrada_real_que_vai_para_sao_paulo_-_27_de_novembro_de_1751_p001_p007.jpg,4000$
pagamento_realizado_ao_capitao_do_mato_thomas_pardo_por_ter_posto_a_cabeca_de_um_negro_quilombola_na_estrada_real_que_vai_para_sao_paulo_-_27_de_novembro_de_1751_p001_p008.jpg,ma a quantia de —
pagamento_realizado_ao_capitao_do_mato_thomas_pardo_por_ter_posto_a_cabeca_de_um_negro_quilombola_na_estrada_real_que_vai_para_sao_paulo_-_27_de_novembro_de_1751_p001_p009.jpg,Juiz presidente Francisco Ba-
pagamento_realizado_ao_capitao_do_mato_thomas_pardo_por_ter_posto_a_cabeca_de_um_negro_quilombola_na_estrada_real_que_vai_para_sao_paulo_-_27_de_novembro_de_1751_p001_p010.jpg,rreto Leme e vereadores João da Sil-
pagamento_realizado_ao_capitao_do_mato_thomas_pardo_por_ter_posto_a_cabeca_de_um_negro_quilombola_na_estrada_real_que_vai_para_sao_paulo_-_27_de_novembro_de_1751_p001_p011.jpg,"va Morais, Francisco Fernandes"
pagamento_realizado_ao_capitao_do_mato_thomas_pardo_por_ter_posto_a_cabeca_de_um_negro_quilombola_na_estrada_real_que_vai_para_sao_paulo_-_27_de_novembro_de_1751_p001_p012.jpg,"de Oliveira, João de Oliveira Costa,"
pagamento_realizado_ao_capitao_do_mato_thomas_pardo_por_ter_posto_a_cabeca_de_um_negro_quilombola_na_estrada_real_que_vai_para_sao_paulo_-_27_de_novembro_de_1751_p001_p013.jpg,que este presente ano ser-
pagamento_realizado_ao_capitao_do_mato_thomas_pardo_por_ter_posto_a_cabeca_de_um_negro_quilombola_na_estrada_real_que_vai_para_sao_paulo_-_27_de_novembro_de_1751_p001_p014.jpg,vem os em Câmara por bem das
pagamento_realizado_ao_capitao_do_mato_thomas_pardo_por_ter_posto_a_cabeca_de_um_negro_quilombola_na_estrada_real_que_vai_para_sao_paulo_-_27_de_novembro_de_1751_p001_p015.jpg,ordenaçoens de sua magestade fidelíssi-
pagamento_realizado_ao_capitao_do_mato_thomas_pardo_por_ter_posto_a_cabeca_de_um_negro_quilombola_na_estrada_real_que_vai_para_sao_paulo_-_27_de_novembro_de_1751_p001_p016.jpg,"ma que deus guarde, etc."
pagamento_realizado_ao_capitao_do_mato_thomas_pardo_por_ter_posto_a_cabeca_de_um_negro_quilombola_na_estrada_real_que_vai_para_sao_paulo_-_27_de_novembro_de_1751_p001_p017.jpg,mandamos ao procu-
pagamento_realizado_ao_capitao_do_mato_thomas_pardo_por_ter_posto_a_cabeca_de_um_negro_quilombola_na_estrada_real_que_vai_para_sao_paulo_-_27_de_novembro_de_1751_p001_p018.jpg,rador atual do conselho Ni-
pagamento_realizado_ao_capitao_do_mato_thomas_pardo_por_ter_posto_a_cabeca_de_um_negro_quilombola_na_estrada_real_que_vai_para_sao_paulo_-_27_de_novembro_de_1751_p001_p019.jpg,colau Guedes Pinto que em
pagamento_realizado_ao_capitao_do_mato_thomas_pardo_por_ter_posto_a_cabeca_de_um_negro_quilombola_na_estrada_real_que_vai_para_sao_paulo_-_27_de_novembro_de_1751_p001_p020.jpg,observância deste nosso
pagamento_realizado_ao_capitao_do_mato_thomas_pardo_por_ter_posto_a_cabeca_de_um_negro_quilombola_na_estrada_real_que_vai_para_sao_paulo_-_27_de_novembro_de_1751_p001_p021.jpg,[fl.] 114
pagamento_realizado_ao_capitao_do_mato_thomas_pardo_por_ter_posto_a_cabeca_de_um_negro_quilombola_na_estrada_real_que_vai_para_sao_paulo_-_27_de_novembro_de_1751_p001_p022.jpg,[rubrica]
pagamento_realizado_ao_capitao_do_mato_thomas_pardo_por_ter_posto_a_cabeca_de_um_negro_quilombola_na_estrada_real_que_vai_para_sao_paulo_-_27_de_novembro_de_1751_p001_p023.jpg,Nosso mandado sendo primeiro
pagamento_realizado_ao_capitao_do_mato_thomas_pardo_por_ter_posto_a_cabeca_de_um_negro_quilombola_na_estrada_real_que_vai_para_sao_paulo_-_27_de_novembro_de_1751_p001_p024.jpg,por nós assinado em seu cumpri-
pagamento_realizado_ao_capitao_do_mato_thomas_pardo_por_ter_posto_a_cabeca_de_um_negro_quilombola_na_estrada_real_que_vai_para_sao_paulo_-_27_de_novembro_de_1751_p002_p000.jpg,no que ser dado e passado nesta vila
pagamento_realizado_ao_capitao_do_mato_thomas_pardo_por_ter_posto_a_cabeca_de_um_negro_quilombola_na_estrada_real_que_vai_para_sao_paulo_-_27_de_novembro_de_1751_p002_p001.jpg,de Jundiaí em Câmara de 27 de novembro
pagamento_realizado_ao_capitao_do_mato_thomas_pardo_por_ter_posto_a_cabeca_de_um_negro_quilombola_na_estrada_real_que_vai_para_sao_paulo_-_27_de_novembro_de_1751_p002_p002.jpg,de 1759 e eu Antonio da Costa Pereira
pagamento_realizado_ao_capitao_do_mato_thomas_pardo_por_ter_posto_a_cabeca_de_um_negro_quilombola_na_estrada_real_que_vai_para_sao_paulo_-_27_de_novembro_de_1751_p002_p003.jpg,Tabelião que o escrevi.
pagamento_realizado_ao_capitao_do_mato_thomas_pardo_por_ter_posto_a_cabeca_de_um_negro_quilombola_na_estrada_real_que_vai_para_sao_paulo_-_27_de_novembro_de_1751_p002_p004.jpg,Barreto - Moraes – Oliveira – Costa.
pagamento_realizado_ao_capitao_do_mato_thomas_pardo_por_ter_posto_a_cabeca_de_um_negro_quilombola_na_estrada_real_que_vai_para_sao_paulo_-_27_de_novembro_de_1751_p002_p005.jpg,Recebi do procurador atual os quatro mil réis
pagamento_realizado_ao_capitao_do_mato_thomas_pardo_por_ter_posto_a_cabeca_de_um_negro_quilombola_na_estrada_real_que_vai_para_sao_paulo_-_27_de_novembro_de_1751_p002_p006.jpg,concedidos no mandado acima e por verdade passei
pagamento_realizado_ao_capitao_do_mato_thomas_pardo_por_ter_posto_a_cabeca_de_um_negro_quilombola_na_estrada_real_que_vai_para_sao_paulo_-_27_de_novembro_de_1751_p002_p007.jpg,"este somente por mim assinado Jundiaí, 27 de novembro"
pagamento_realizado_ao_capitao_do_mato_thomas_pardo_por_ter_posto_a_cabeca_de_um_negro_quilombola_na_estrada_real_que_vai_para_sao_paulo_-_27_de_novembro_de_1751_p002_p008.jpg,de 1759 [assinatura de Simaõ Jurado de Villa]
pagamento_realizado_ao_capitao_do_mato_thomas_pardo_por_ter_posto_a_cabeca_de_um_negro_quilombola_na_estrada_real_que_vai_para_sao_paulo_-_27_de_novembro_de_1751_p002_p009.jpg,Transcrição e edição: Gilson Santos (AHMJ).
pagamento_realizado_ao_capitao_do_mato_thomas_pardo_por_ter_posto_a_cabeca_de_um_negro_quilombola_na_estrada_real_que_vai_para_sao_paulo_-_27_de_novembro_de_1751_p002_p010.jpg,Revisão: Isabella Ferraro (AHMJ).
registro_oficial_da_carta_enviada_por_jose_gomes_de_gouveia_nos_anais_da_camara_com_sugestoes_e_metodos_para_eliminar_movimentos_de_resistencia_pela_liberdade_de_africanos_p001_p000.jpg,"Transcrição da pág. 11 (pdf), fólio 4, do livro Auto de Diligências Policiais e Mandados"
registro_oficial_da_carta_enviada_por_jose_gomes_de_gouveia_nos_anais_da_camara_com_sugestoes_e_metodos_para_eliminar_movimentos_de_resistencia_pela_liberdade_de_africanos_p001_p001.jpg,de Pagamentos da Câmara Municipal - 1742 a 1783.
registro_oficial_da_carta_enviada_por_jose_gomes_de_gouveia_nos_anais_da_camara_com_sugestoes_e_metodos_para_eliminar_movimentos_de_resistencia_pela_liberdade_de_africanos_p001_p002.jpg,Ilustríssimo e Excelentíssimo senhor
registro_oficial_da_carta_enviada_por_jose_gomes_de_gouveia_nos_anais_da_camara_com_sugestoes_e_metodos_para_eliminar_movimentos_de_resistencia_pela_liberdade_de_africanos_p001_p003.jpg,[fl. 4 r]
registro_oficial_da_carta_enviada_por_jose_gomes_de_gouveia_nos_anais_da_camara_com_sugestoes_e_metodos_para_eliminar_movimentos_de_resistencia_pela_liberdade_de_africanos_p001_p004.jpg,"Paguem as Câmaras, e a razão por que não"
registro_oficial_da_carta_enviada_por_jose_gomes_de_gouveia_nos_anais_da_camara_com_sugestoes_e_metodos_para_eliminar_movimentos_de_resistencia_pela_liberdade_de_africanos_p001_p005.jpg,"tem dinheiro é por somentes negligências, que"
registro_oficial_da_carta_enviada_por_jose_gomes_de_gouveia_nos_anais_da_camara_com_sugestoes_e_metodos_para_eliminar_movimentos_de_resistencia_pela_liberdade_de_africanos_p001_p006.jpg,se as não tivessem seriam senhores dos Desco
registro_oficial_da_carta_enviada_por_jose_gomes_de_gouveia_nos_anais_da_camara_com_sugestoes_e_metodos_para_eliminar_movimentos_de_resistencia_pela_liberdade_de_africanos_p001_p007.jpg,"bertos do Campo verde, e de outros muitos que estão"
registro_oficial_da_carta_enviada_por_jose_gomes_de_gouveia_nos_anais_da_camara_com_sugestoes_e_metodos_para_eliminar_movimentos_de_resistencia_pela_liberdade_de_africanos_p001_p008.jpg,sujeitos ao Governo de Minas Gerais. São Paulo
registro_oficial_da_carta_enviada_por_jose_gomes_de_gouveia_nos_anais_da_camara_com_sugestoes_e_metodos_para_eliminar_movimentos_de_resistencia_pela_liberdade_de_africanos_p001_p009.jpg,23 de dezembro de 1767.
registro_oficial_da_carta_enviada_por_jose_gomes_de_gouveia_nos_anais_da_camara_com_sugestoes_e_metodos_para_eliminar_movimentos_de_resistencia_pela_liberdade_de_africanos_p001_p010.jpg,[Rubrica]
registro_oficial_da_carta_enviada_por_jose_gomes_de_gouveia_nos_anais_da_camara_com_sugestoes_e_metodos_para_eliminar_movimentos_de_resistencia_pela_liberdade_de_africanos_p001_p011.jpg,Diz José Gomes de Gouveia que fazendo a p [...]
registro_oficial_da_carta_enviada_por_jose_gomes_de_gouveia_nos_anais_da_camara_com_sugestoes_e_metodos_para_eliminar_movimentos_de_resistencia_pela_liberdade_de_africanos_p001_p012.jpg,┃que junto aprezenta ┃foi Vossa Excelência servido mandar
registro_oficial_da_carta_enviada_por_jose_gomes_de_gouveia_nos_anais_da_camara_com_sugestoes_e_metodos_para_eliminar_movimentos_de_resistencia_pela_liberdade_de_africanos_p001_p013.jpg,"se observasse o estilo de minas, o qual é sa[...]"
registro_oficial_da_carta_enviada_por_jose_gomes_de_gouveia_nos_anais_da_camara_com_sugestoes_e_metodos_para_eliminar_movimentos_de_resistencia_pela_liberdade_de_africanos_p001_p014.jpg,do que semelhantes despesas se pagam com o [di]
registro_oficial_da_carta_enviada_por_jose_gomes_de_gouveia_nos_anais_da_camara_com_sugestoes_e_metodos_para_eliminar_movimentos_de_resistencia_pela_liberdade_de_africanos_p001_p015.jpg,"nheiro das câmaras, ou por lançamento aos [povos]"
registro_oficial_da_carta_enviada_por_jose_gomes_de_gouveia_nos_anais_da_camara_com_sugestoes_e_metodos_para_eliminar_movimentos_de_resistencia_pela_liberdade_de_africanos_p001_p016.jpg,"da República prejudicada, dos gentios, ou [ne]"
registro_oficial_da_carta_enviada_por_jose_gomes_de_gouveia_nos_anais_da_camara_com_sugestoes_e_metodos_para_eliminar_movimentos_de_resistencia_pela_liberdade_de_africanos_p001_p017.jpg,"gros, o que se viu na última conquista que [fez]"
registro_oficial_da_carta_enviada_por_jose_gomes_de_gouveia_nos_anais_da_camara_com_sugestoes_e_metodos_para_eliminar_movimentos_de_resistencia_pela_liberdade_de_africanos_p001_p018.jpg,"Bartholomeu Bueno, por ordem do senhor [...]"
registro_oficial_da_carta_enviada_por_jose_gomes_de_gouveia_nos_anais_da_camara_com_sugestoes_e_metodos_para_eliminar_movimentos_de_resistencia_pela_liberdade_de_africanos_p001_p019.jpg,"Antônio Governador das Minas Gerais, para o qual ajudaram as"
registro_oficial_da_carta_enviada_por_jose_gomes_de_gouveia_nos_anais_da_camara_com_sugestoes_e_metodos_para_eliminar_movimentos_de_resistencia_pela_liberdade_de_africanos_p001_p020.jpg,Câmaras com nove mil e tantos cruzados
registro_oficial_da_carta_enviada_por_jose_gomes_de_gouveia_nos_anais_da_camara_com_sugestoes_e_metodos_para_eliminar_movimentos_de_resistencia_pela_liberdade_de_africanos_p001_p021.jpg,e nas minas de Goiás na ocasião prezente [se]
registro_oficial_da_carta_enviada_por_jose_gomes_de_gouveia_nos_anais_da_camara_com_sugestoes_e_metodos_para_eliminar_movimentos_de_resistencia_pela_liberdade_de_africanos_p001_p022.jpg,está preparando uma’ expedição à custa
registro_oficial_da_carta_enviada_por_jose_gomes_de_gouveia_nos_anais_da_camara_com_sugestoes_e_metodos_para_eliminar_movimentos_de_resistencia_pela_liberdade_de_africanos_p001_p023.jpg,"daquela República, e não da Real fa[zenda]"
registro_oficial_da_carta_enviada_por_jose_gomes_de_gouveia_nos_anais_da_camara_com_sugestoes_e_metodos_para_eliminar_movimentos_de_resistencia_pela_liberdade_de_africanos_p001_p024.jpg,como dizem em sua resposta os senhores cama [-]
registro_oficial_da_carta_enviada_por_jose_gomes_de_gouveia_nos_anais_da_camara_com_sugestoes_e_metodos_para_eliminar_movimentos_de_resistencia_pela_liberdade_de_africanos_p001_p025.jpg,ristas e também dizem que não se gastou
registro_oficial_da_carta_enviada_por_jose_gomes_de_gouveia_nos_anais_da_camara_com_sugestoes_e_metodos_para_eliminar_movimentos_de_resistencia_pela_liberdade_de_africanos_p001_p026.jpg,"pólvora e chumbo algum, e que se acha em [...]"
registro_oficial_da_carta_enviada_por_jose_gomes_de_gouveia_nos_anais_da_camara_com_sugestoes_e_metodos_para_eliminar_movimentos_de_resistencia_pela_liberdade_de_africanos_p001_p027.jpg,"o que é falta de notícia, pois não podiam [dei]"
sessao_da_camara_municipal_de_jundiai_-_25_de_junho_de_1795_p001_p000.jpg,Atas da Câmara Municipal de Jundiaí
sessao_da_camara_municipal_de_jundiai_-_25_de_junho_de_1795_p001_p001.jpg,Contratação de Capitães de Mato - Sessão de 25 de junho de 1795
sessao_da_camara_municipal_de_jundiai_-_25_de_junho_de_1795_p001_p002.jpg,[fl.]91
sessao_da_camara_municipal_de_jundiai_-_25_de_junho_de_1795_p001_p003.jpg,Pereira da Silva
sessao_da_camara_municipal_de_jundiai_-_25_de_junho_de_1795_p001_p004.jpg,Aos vinte e cinco dias do mês de junho de mil sete
sessao_da_camara_municipal_de_jundiai_-_25_de_junho_de_1795_p001_p005.jpg,centos e noventa e cinco anos nesta Vila de Nossa
sessao_da_camara_municipal_de_jundiai_-_25_de_junho_de_1795_p001_p006.jpg,senhora do Desterro de Jundiaí Comarca da Cidade
sessao_da_camara_municipal_de_jundiai_-_25_de_junho_de_1795_p001_p007.jpg,de São Paulo em casas de morada do Juiz Presidente
sessao_da_camara_municipal_de_jundiai_-_25_de_junho_de_1795_p001_p008.jpg,"Salvador de Oliveira Prado, onde se achavam presentes"
sessao_da_camara_municipal_de_jundiai_-_25_de_junho_de_1795_p001_p009.jpg,"os oficiais da Câmara em ato de vereança, trat-"
sessao_da_camara_municipal_de_jundiai_-_25_de_junho_de_1795_p001_p010.jpg,"ando sobre o bem comum do povo, na mesma se"
sessao_da_camara_municipal_de_jundiai_-_25_de_junho_de_1795_p001_p011.jpg,abriu uma carta do Senhor Bernardo José de Lorena
sessao_da_camara_municipal_de_jundiai_-_25_de_junho_de_1795_p001_p012.jpg,"Governador e Capitão General desta Capitania, na qual parti-"
sessao_da_camara_municipal_de_jundiai_-_25_de_junho_de_1795_p001_p013.jpg,cipava o grande gosto que concebera Sua Majestade com o
sessao_da_camara_municipal_de_jundiai_-_25_de_junho_de_1795_p001_p014.jpg,"feliz nascimento do nosso príncipe, para que como"
sessao_da_camara_municipal_de_jundiai_-_25_de_junho_de_1795_p001_p015.jpg,fiéis vassalos [♱] que acompanham no dito gosto
sessao_da_camara_municipal_de_jundiai_-_25_de_junho_de_1795_p001_p016.jpg,por meio de um público aplauso e festejo cujas de
sessao_da_camara_municipal_de_jundiai_-_25_de_junho_de_1795_p001_p017.jpg,mostrações esperava a mesma Majestade pela carta copiada
sessao_da_camara_municipal_de_jundiai_-_25_de_junho_de_1795_p001_p018.jpg,"que incluso remeteu o dito senhor, que ficam copiadas no com-"
sessao_da_camara_municipal_de_jundiai_-_25_de_junho_de_1795_p001_p019.jpg,petente livro. Na mesma houveram por bem nome
sessao_da_camara_municipal_de_jundiai_-_25_de_junho_de_1795_p001_p020.jpg,"ar para capitães do mato a Estanislau Garcia, Jo"
sessao_da_camara_municipal_de_jundiai_-_25_de_junho_de_1795_p001_p021.jpg,"sé Dias, João Soares, José de Lima, e Gonçalo José Fran-"
sessao_da_camara_municipal_de_jundiai_-_25_de_junho_de_1795_p001_p022.jpg,"co, a quem mandaram se lhes passasse cartas patentes"
sessao_da_camara_municipal_de_jundiai_-_25_de_junho_de_1795_p001_p023.jpg,para servirem o dito cargo: na mesma despacharam vá-
sessao_da_camara_municipal_de_jundiai_-_25_de_junho_de_1795_p001_p024.jpg,rios requerimentos. E por não haver mais acordos
sessao_da_camara_municipal_de_jundiai_-_25_de_junho_de_1795_p001_p025.jpg,mandaram fazer este termo que assinaram. Eu
sessao_da_camara_municipal_de_jundiai_-_25_de_junho_de_1795_p001_p026.jpg,"Francisco de Paula Barreto, escrivão da Câmara que"
sessao_da_camara_municipal_de_jundiai_-_25_de_junho_de_1795_p001_p027.jpg,escrevi.
sessao_da_camara_municipal_de_jundiai_-_25_de_junho_de_1795_p001_p028.jpg,Prado - Penteado - Gois - Guimaraez - da Silva
sessao_da_camara_municipal_de_jundiai_-_25_de_junho_de_1795_p001_p029.jpg,Transcrição e edição: Gilson Santos Lino
transcricao_de_traslados_contratuais_coloniais_do_cartorio_olgado_p001_p000.jpg,Transcrição de Traslados Contratuais Que Incluem o Acordo de Francisco Vieira da
transcricao_de_traslados_contratuais_coloniais_do_cartorio_olgado_p001_p001.jpg,Costa e Manoel da Siqueira Gil - 27 de Agosto de 1763.
transcricao_de_traslados_contratuais_coloniais_do_cartorio_olgado_p001_p002.jpg,[fl.1]
transcricao_de_traslados_contratuais_coloniais_do_cartorio_olgado_p001_p003.jpg,Registro de uma petição
transcricao_de_traslados_contratuais_coloniais_do_cartorio_olgado_p001_p004.jpg,Senhor Guarda Mor geral // Diz Francisco Vieira da Costa
transcricao_de_traslados_contratuais_coloniais_do_cartorio_olgado_p001_p005.jpg,e [seu] genro Manoel da Siqueira Gil que ele há onze anos ou
transcricao_de_traslados_contratuais_coloniais_do_cartorio_olgado_p001_p006.jpg,"doze entrou para esta conquista, aliás, campanha,"
transcricao_de_traslados_contratuais_coloniais_do_cartorio_olgado_p001_p007.jpg,na diligência de descobrir ouro e nela tem andado à sua
transcricao_de_traslados_contratuais_coloniais_do_cartorio_olgado_p001_p008.jpg,"c[u]sta com prejuízos consideráveis, como é notório, man-"
transcricao_de_traslados_contratuais_coloniais_do_cartorio_olgado_p001_p009.jpg,dando bandeiras a fazer picadas assistindo com todo
transcricao_de_traslados_contratuais_coloniais_do_cartorio_olgado_p001_p010.jpg,o necessário a todos e plantando roças em várias partes
transcricao_de_traslados_contratuais_coloniais_do_cartorio_olgado_p001_p011.jpg,deste sertão para assistir com mantim[e]ntos aos que
transcricao_de_traslados_contratuais_coloniais_do_cartorio_olgado_p001_p012.jpg,abriram com ele a fazer a dita diligência e os m[e]s-
transcricao_de_traslados_contratuais_coloniais_do_cartorio_olgado_p001_p013.jpg,"mos por duas outras vezes o desampararam, o deixando"
transcricao_de_traslados_contratuais_coloniais_do_cartorio_olgado_p002_p000.jpg,do ouro [q]ue tiraram assim do rio de São João até
transcricao_de_traslados_contratuais_coloniais_do_cartorio_olgado_p002_p001.jpg,"com três bandeiras pelo Rio Grande Acima, entrando"
transcricao_de_traslados_contratuais_coloniais_do_cartorio_olgado_p002_p002.jpg,pela borra como também querendo buscar-lhe a cabe-
transcricao_de_traslados_contratuais_coloniais_do_cartorio_olgado_p002_p003.jpg,"ceira e, se acabando o Rio de Sant’Anna achando-se"
transcricao_de_traslados_contratuais_coloniais_do_cartorio_olgado_p002_p004.jpg,"ouro, como todo sabem ser, resolveram vários a"
transcricao_de_traslados_contratuais_coloniais_do_cartorio_olgado_p002_p005.jpg,seguir pela picada do suplicante a descob[ri]-
transcricao_de_traslados_contratuais_coloniais_do_cartorio_olgado_p002_p006.jpg,"rem ouro e com efeito acharam, adiantando [o]"
transcricao_de_traslados_contratuais_coloniais_do_cartorio_olgado_p002_p007.jpg,suplicante este rio de São Pedro e também
transcricao_de_traslados_contratuais_coloniais_do_cartorio_olgado_p002_p008.jpg,[fl.2]
transcricao_de_traslados_contratuais_coloniais_do_cartorio_olgado_p002_p009.jpg,E também vários Córregos e o sobredito Rio de São
transcricao_de_traslados_contratuais_coloniais_do_cartorio_olgado_p002_p010.jpg,Siqueira
transcricao_de_traslados_contratuais_coloniais_do_cartorio_olgado_p002_p011.jpg,João o qual o suplicante [tinha] daí acima [re]-
transcricao_de_traslados_contratuais_coloniais_do_cartorio_olgado_p002_p012.jpg,feito ao superintendente da comarca da cidade de São
transcricao_de_traslados_contratuais_coloniais_do_cartorio_olgado_p002_p013.jpg,"Paulo, por andarem nesta conquista com licença da[u]"
transcricao_de_traslados_contratuais_coloniais_do_cartorio_olgado_p002_p014.jpg,mesma superintendência como deles e nesta que
transcricao_de_traslados_contratuais_coloniais_do_cartorio_olgado_p002_p015.jpg,junto oferece resposta [...] feito que dou para a
transcricao_de_traslados_contratuais_coloniais_do_cartorio_olgado_p002_p016.jpg,sobredita comarca por lhe parecer a ela pertencia;
transcricao_de_traslados_contratuais_coloniais_do_cartorio_olgado_p002_p017.jpg,como agora isso se acha repartido se há de repartir todas as
transcricao_de_traslados_contratuais_coloniais_do_cartorio_olgado_p002_p018.jpg,terras minerais que estão descobertas e as que se forem des-
transcricao_de_traslados_contratuais_coloniais_do_cartorio_olgado_p002_p019.jpg,cobrindo nesta companhia por lhe pertencer e a dis-
transcricao_de_traslados_contratuais_coloniais_do_cartorio_olgado_p002_p020.jpg,tância do suplicante e dispêndio de sua fazenda
transcricao_de_traslados_contratuais_coloniais_do_cartorio_olgado_p002_p021.jpg,com tantos prejuízos que tem tido que [†] [...]
transcricao_de_traslados_contratuais_coloniais_do_cartorio_olgado_p002_p022.jpg,rão quatro e sete cavalos e quarenta cabeças de gados
transcricao_de_traslados_contratuais_coloniais_do_cartorio_olgado_p002_p023.jpg,Transcrição e edição: Gilson Santos (AHMJ).
transcricao_de_traslados_contratuais_coloniais_do_cartorio_olgado_p002_p024.jpg,Revisão: Isabella Ferraro (AHMJ).
transcricao_de_traslados_contratuais_coloniais_do_cartorio_olgado_p003_p000.jpg,com que se descobrissem estes haveres de que há de resultar
transcricao_de_traslados_contratuais_coloniais_do_cartorio_olgado_p003_p001.jpg,muita utilidade à Real Coroa de [Sua] Magestade que Deus guarde
transcricao_de_traslados_contratuais_coloniais_do_cartorio_olgado_p003_p002.jpg,que se não fosse o suplicante estariam muitos anos
transcricao_de_traslados_contratuais_coloniais_do_cartorio_olgado_p003_p003.jpg,no esquecimento sem se extraírem e nem deles se utili-
transcricao_de_traslados_contratuais_coloniais_do_cartorio_olgado_p003_p004.jpg,zarem atenda [olhando] para o muito que recom[pensa]
transcricao_de_traslados_contratuais_coloniais_do_cartorio_olgado_p003_p005.jpg,a Sua Magestade que Deus guarde os que [se] [opõem] a estas
transcricao_de_traslados_contratuais_coloniais_do_cartorio_olgado_p003_p006.jpg,"conquistas e ainda à sua vista, como fizeram ao su-"
transcricao_de_traslados_contratuais_coloniais_do_cartorio_olgado_p003_p007.jpg,plicante com tanto dispêndio de sua fazenda e
transcricao_de_traslados_contratuais_coloniais_do_cartorio_olgado_p003_p008.jpg,"riscos de suas vidas e as de suas famílias, assistindo"
transcricao_de_traslados_contratuais_coloniais_do_cartorio_olgado_p003_p009.jpg,"com ela por este sertão, pelo que pede à vossa mercê"
transcricao_de_traslados_contratuais_coloniais_do_cartorio_olgado_p003_p010.jpg,seja servido atender ao suplicante visto te-
transcricao_de_traslados_contratuais_coloniais_do_cartorio_olgado_p003_p011.jpg,rem traba[lha]do há onze p[or] doze annos nesta
transcricao_de_traslados_contratuais_coloniais_do_cartorio_olgado_p003_p012.jpg,diligência e à sua se dever o estar esta Campanha
transcricao_de_traslados_contratuais_coloniais_do_cartorio_olgado_p003_p013.jpg,descoberta e [provenha] com lhe conceder alguma
transcricao_de_traslados_contratuais_coloniais_do_cartorio_olgado_p003_p014.jpg,preferência fa [.....] da que como mi[n]eros lhe tocarem
transcricao_de_traslados_contratuais_coloniais_do_cartorio_olgado_p003_p015.jpg,em todos os ribeirões e terras minerais que nesta
transcricao_de_traslados_contratuais_coloniais_do_cartorio_olgado_p003_p016.jpg,Campanha vossa senhoria repartir e mandar re-
transcricao_de_traslados_contratuais_coloniais_do_cartorio_olgado_p003_p017.jpg,partir pelos seus substitutos todos com os olhos em
transcricao_de_traslados_contratuais_coloniais_do_cartorio_olgado_p003_p018.jpg,Deus / e receberá merce / como destes papéis juntos
transcricao_de_traslados_contratuais_coloniais_do_cartorio_olgado_p003_p019.jpg,[fl.3]
transcricao_de_traslados_contratuais_coloniais_do_cartorio_olgado_p003_p020.jpg,juntos [não] consta de efeito algum nem desistir possam
transcricao_de_traslados_contratuais_coloniais_do_cartorio_olgado_p003_p021.jpg,Transcrição e edição: Gilson Santos (AHMJ).
transcricao_de_traslados_contratuais_coloniais_do_cartorio_olgado_p004_p000.jpg,dos [†] parece que não tem lugar este seu reque-
transcricao_de_traslados_contratuais_coloniais_do_cartorio_olgado_p004_p001.jpg,rimento e deve requerer ao Ilustríssimo e Excelentíssimo Senhor conde
transcricao_de_traslados_contratuais_coloniais_do_cartorio_olgado_p004_p002.jpg,general // Pedro Di[a]s Senhor Guarda mor geral com o de-
transcricao_de_traslados_contratuais_coloniais_do_cartorio_olgado_p004_p003.jpg,vido respeito D[izem] os suplicantes que pelo despacho
transcricao_de_traslados_contratuais_coloniais_do_cartorio_olgado_p004_p004.jpg,de vossa senhoria [deve][duvidar] não ter efeito algum
transcricao_de_traslados_contratuais_coloniais_do_cartorio_olgado_p004_p005.jpg,as diligências dos suplicantes sendo que algum te-
transcricao_de_traslados_contratuais_coloniais_do_cartorio_olgado_p004_p006.jpg,ve pelo[s] [do]cumentos que apresentaram dos mani
transcricao_de_traslados_contratuais_coloniais_do_cartorio_olgado_p004_p007.jpg,[fe]stos que deram licença que tiraram’ e se não conclu-
transcricao_de_traslados_contratuais_coloniais_do_cartorio_olgado_p004_p008.jpg,iram foi por cavilosamente o embaraçaram como é
transcricao_de_traslados_contratuais_coloniais_do_cartorio_olgado_p004_p009.jpg,notório e como vem que outros com nenhum trabalho foram
transcricao_de_traslados_contratuais_coloniais_do_cartorio_olgado_p004_p010.jpg,admitidos [e que]rem que vossa senhoria a vista de confir-
transcricao_de_traslados_contratuais_coloniais_do_cartorio_olgado_p004_p011.jpg,mação do [assinado] retro que oferecem atenda olhando
transcricao_de_traslados_contratuais_coloniais_do_cartorio_olgado_p004_p012.jpg,para os muitos prejuízos que tiveram de que recebera mercê
transcricao_de_traslados_contratuais_coloniais_do_cartorio_olgado_p004_p013.jpg,// Nós abaixo assinados afirmamos com juramento se po-
transcricao_de_traslados_contratuais_coloniais_do_cartorio_olgado_p004_p014.jpg,ssível for em como é verdade tudo quanto Francisco Vieira
transcricao_de_traslados_contratuais_coloniais_do_cartorio_olgado_p004_p015.jpg,da Costa e seu genro Manoel da Siqueira Gil alega-
transcricao_de_traslados_contratuais_coloniais_do_cartorio_olgado_p004_p016.jpg,ram na petição retro // Gerônimo Rabello e Mendonça
transcricao_de_traslados_contratuais_coloniais_do_cartorio_olgado_p004_p017.jpg,Vicente Martins Leme // Antônio José Peres Costa
transcricao_de_traslados_contratuais_coloniais_do_cartorio_olgado_p004_p018.jpg,Miguel Antunes // Miguel Luiz Araujo // Paulo Antonio
transcricao_de_traslados_contratuais_coloniais_do_cartorio_olgado_p004_p019.jpg,Ignacio Bueno // Bartholomeu Dias // Francisco Leme de
transcricao_de_traslados_contratuais_coloniais_do_cartorio_olgado_p004_p020.jpg,Siqueira // Manoel Ferreira da Silva // Domingos Leme
transcricao_de_traslados_contratuais_coloniais_do_cartorio_olgado_p004_p021.jpg,da Silva // Domingos Ferreira [sic] Al[v]res // Lourenço Bue-
transcricao_de_traslados_contratuais_coloniais_do_cartorio_olgado_p004_p022.jpg,no da Silva // Lourenço Bezerra Cavalcant[e] [sic] // Ma-
transcricao_de_traslados_contratuais_coloniais_do_cartorio_olgado_p004_p023.jpg,Transcrição e edição: Gilson Santos (AHMJ).
transcricao_de_traslados_contratuais_coloniais_do_cartorio_olgado_p005_p000.jpg,noel da Silva Paiva // Manoel Barbosa Leme
transcricao_de_traslados_contratuais_coloniais_do_cartorio_olgado_p005_p001.jpg,José Figueira[s] de Azevedo // João Antônio // José Pedroso
transcricao_de_traslados_contratuais_coloniais_do_cartorio_olgado_p005_p002.jpg,da Silva // Geraldo Pires // Gerônimo Dias Pais// Car
transcricao_de_traslados_contratuais_coloniais_do_cartorio_olgado_p005_p003.jpg,llos João de Oliveira // Pedro Gras[i]a //José Alvares
transcricao_de_traslados_contratuais_coloniais_do_cartorio_olgado_p005_p004.jpg,de Paiva // E não se continha mais em a dita petição
transcricao_de_traslados_contratuais_coloniais_do_cartorio_olgado_p005_p005.jpg,e repetição que eu tabelião aqui em fielmente a
transcricao_de_traslados_contratuais_coloniais_do_cartorio_olgado_p005_p006.jpg,[fl.4]
transcricao_de_traslados_contratuais_coloniais_do_cartorio_olgado_p005_p007.jpg,Fielmente a trasladei do próprio orignal [sic] ao
transcricao_de_traslados_contratuais_coloniais_do_cartorio_olgado_p005_p008.jpg,qual me reporto e vai sem coisa que dúvida faça
transcricao_de_traslados_contratuais_coloniais_do_cartorio_olgado_p005_p009.jpg,pelo recorrer conferir e depois de as trasladar
transcricao_de_traslados_contratuais_coloniais_do_cartorio_olgado_p005_p010.jpg,tornei a entregar ao dito Francisco Vieira da Costa
transcricao_de_traslados_contratuais_coloniais_do_cartorio_olgado_p005_p011.jpg,que o mandou aqui lançar Vila de Jundiaí vinte
transcricao_de_traslados_contratuais_coloniais_do_cartorio_olgado_p005_p012.jpg,sete de Agosto de mil e setecentos e sessenta e três
transcricao_de_traslados_contratuais_coloniais_do_cartorio_olgado_p005_p013.jpg,anos e Eu Francisco Xavier de Almeida tabelião que o es-
transcricao_de_traslados_contratuais_coloniais_do_cartorio_olgado_p005_p014.jpg,crevi.
transcricao_de_traslados_contratuais_coloniais_do_cartorio_olgado_p005_p015.jpg,Por não chegar este livro lanço o[s] outros em o
transcricao_de_traslados_contratuais_coloniais_do_cartorio_olgado_p005_p016.jpg,livro novo onde os acharão quando os procurarem. Eu [...]
transcricao_de_traslados_contratuais_coloniais_do_cartorio_olgado_p005_p017.jpg,Francisco Xavier de Almeida
transcricao_de_traslados_contratuais_coloniais_do_cartorio_olgado_p005_p018.jpg,Transcrição e edição: Gilson Santos (AHMJ).
transcricao_de_traslados_contratuais_coloniais_do_cartorio_olgado_p005_p019.jpg,Revisão: Isabella Ferraro (AHMJ).
transcricao_de_traslados_contratuais_coloniais_do_cartorio_olgado_p006_p000.jpg,Visto em Correção condeno ao Tabelião que foi Antônio da
transcricao_de_traslados_contratuais_coloniais_do_cartorio_olgado_p006_p001.jpg,Costa Pereira em quatro mil réis por despesas [...] [...]
transcricao_de_traslados_contratuais_coloniais_do_cartorio_olgado_p006_p002.jpg,feitas em Correção por lavrar a escritura a [...] e
transcricao_de_traslados_contratuais_coloniais_do_cartorio_olgado_p006_p003.jpg,não fazer assinar a dita escritura pela [dita] [folhas] que
transcricao_de_traslados_contratuais_coloniais_do_cartorio_olgado_p006_p004.jpg,nela declarou e se passarão as ordens [†] que para
transcricao_de_traslados_contratuais_coloniais_do_cartorio_olgado_p006_p005.jpg,"se haver a dita quantia do dito condenado Jundiaí,"
transcricao_de_traslados_contratuais_coloniais_do_cartorio_olgado_p006_p006.jpg,21 de julho de 1764
transcricao_de_traslados_contratuais_coloniais_do_cartorio_olgado_p006_p007.jpg,Viegas
transcricao_de_traslados_contratuais_coloniais_do_cartorio_olgado_p006_p008.jpg,Transcrição e edição: Gilson Santos (AHMJ).
transcricao_de_traslados_contratuais_coloniais_do_cartorio_olgado_p006_p009.jpg,Revisão: Isabella Ferraro (AHMJ).
traslado_do_auto_de_criacao_da_vila_de_jundiahy_p001_p000.jpg,Transcrição paleográfica
traslado_do_auto_de_criacao_da_vila_de_jundiahy_p001_p001.jpg,Referência documental
traslado_do_auto_de_criacao_da_vila_de_jundiahy_p001_p002.jpg,Traslado do Auto de criação da Vila de Jundiahy no ano de 1656
traslado_do_auto_de_criacao_da_vila_de_jundiahy_p001_p003.jpg,Localização: Arquivo Nacional da Torre do Tombo
traslado_do_auto_de_criacao_da_vila_de_jundiahy_p001_p004.jpg,"Coleção Papéis do Brasil, Códice 4, folha 269 a 273"
traslado_do_auto_de_criacao_da_vila_de_jundiahy_p001_p005.jpg,Código de referência: PT/TT/PBR/0004/026
traslado_do_auto_de_criacao_da_vila_de_jundiahy_p001_p006.jpg,Anno de 1767
traslado_do_auto_de_criacao_da_vila_de_jundiahy_p001_p007.jpg,Villa de Jundiahy
traslado_do_auto_de_criacao_da_vila_de_jundiahy_p001_p008.jpg,Traslado de Auto e Criação desta
traslado_do_auto_de_criacao_da_vila_de_jundiahy_p001_p009.jpg,villa de Jundiahy.
traslado_do_auto_de_criacao_da_vila_de_jundiahy_p001_p010.jpg,Auto que mandou fazer o Capitão
traslado_do_auto_de_criacao_da_vila_de_jundiahy_p001_p011.jpg,mõr e ouvidor da Capitania de São
traslado_do_auto_de_criacao_da_vila_de_jundiahy_p001_p012.jpg,viçente. Miguel de Cabedo de vazcon
traslado_do_auto_de_criacao_da_vila_de_jundiahy_p001_p013.jpg,çellos ouvidor Com o liado em toda
traslado_do_auto_de_criacao_da_vila_de_jundiahy_p001_p014.jpg,ella o requerimento dos Povoadores
traslado_do_auto_de_criacao_da_vila_de_jundiahy_p001_p015.jpg,E moradores  desta Freguezia de Nossa Se
traslado_do_auto_de_criacao_da_vila_de_jundiahy_p001_p016.jpg,nhora do DesTerro de Jundiahy
traslado_do_auto_de_criacao_da_vila_de_jundiahy_p001_p017.jpg,Anno do Nacimento de Nosso Senhor Jezus christo
traslado_do_auto_de_criacao_da_vila_de_jundiahy_p001_p018.jpg,"de mil seis centos sincoenta e seis annos, aos ca"
traslado_do_auto_de_criacao_da_vila_de_jundiahy_p001_p019.jpg,torze dias do mes de Dezembro da dita Hera nesta
traslado_do_auto_de_criacao_da_vila_de_jundiahy_p001_p020.jpg,povoação e Freguezia de Nossa senhora do Deste
traslado_do_auto_de_criacao_da_vila_de_jundiahy_p001_p021.jpg,"rro de Jundiahy, aonde Eu Publico Tabelião ao di"
traslado_do_auto_de_criacao_da_vila_de_jundiahy_p002_p000.jpg,ante nomeado fui Em Companhia do Capitão
traslado_do_auto_de_criacao_da_vila_de_jundiahy_p002_p001.jpg,mõr e ouvidor desta Capitania de Sam viçente
traslado_do_auto_de_criacao_da_vila_de_jundiahy_p002_p002.jpg,Miguel de Cabedo de vasconçellos perante elle a
traslado_do_auto_de_criacao_da_vila_de_jundiahy_p002_p003.jpg,pareçerão todos os povoadores E moradores os abai
traslado_do_auto_de_criacao_da_vila_de_jundiahy_p002_p004.jpg,"xo assignados, e todos juntos e Cada Hum Em par"
traslado_do_auto_de_criacao_da_vila_de_jundiahy_p002_p005.jpg,ticular Requererão Em altas vozes ao dito Capi
traslado_do_auto_de_criacao_da_vila_de_jundiahy_p002_p006.jpg,tão mõr e ouvidor Em como elles Herão povoa
traslado_do_auto_de_criacao_da_vila_de_jundiahy_p002_p007.jpg,dores e Freguezes desta dita Freguezia de Nossa
traslado_do_auto_de_criacao_da_vila_de_jundiahy_p002_p008.jpg,Senhora do DesTerro de Jundiahy onde Heram
traslado_do_auto_de_criacao_da_vila_de_jundiahy_p002_p009.jpg,"mais de oitenta moradores, e ficaram mui dis"
traslado_do_auto_de_criacao_da_vila_de_jundiahy_p002_p010.jpg,"tantes da villa de Sam Paulo, e da villa de Par"
traslado_do_auto_de_criacao_da_vila_de_jundiahy_p002_p011.jpg,"nahiba, e não poderem vir os ministros de Jus"
traslado_do_auto_de_criacao_da_vila_de_jundiahy_p002_p012.jpg,tissa fazer deligençias por ser Longe devendo
traslado_do_auto_de_criacao_da_vila_de_jundiahy_p002_p013.jpg,"por alguã duvida orgente, virem alguns menis"
traslado_do_auto_de_criacao_da_vila_de_jundiahy_p002_p014.jpg,tros e Hera com muito Grande detrimento de to
traslado_do_auto_de_criacao_da_vila_de_jundiahy_p002_p015.jpg,dos como Tambem pessoas que pessuhem Terras
traslado_do_auto_de_criacao_da_vila_de_jundiahy_p002_p016.jpg,por titullos de Sismaria as Lavrão outros que mais
traslado_do_auto_de_criacao_da_vila_de_jundiahy_p002_p017.jpg,posses tem por falta de Justissa pello que
traslado_do_auto_de_criacao_da_vila_de_jundiahy_p002_p018.jpg,lhes Requerião da parte de Deos e de Sua Magestade
traslado_do_auto_de_criacao_da_vila_de_jundiahy_p002_p019.jpg,269/Verso.
traslado_do_auto_de_criacao_da_vila_de_jundiahy_p002_p020.jpg,Magestade Huã e muitas vezes Como Cap
traslado_do_auto_de_criacao_da_vila_de_jundiahy_p002_p021.jpg,pitão Mõr e ouvidor que Hera desta Capita
traslado_do_auto_de_criacao_da_vila_de_jundiahy_p002_p022.jpg,nia e ouvidor Com o Liado Em toda ella
traslado_do_auto_de_criacao_da_vila_de_jundiahy_p002_p023.jpg,lhe formasse villa Levantando pelourinho
traslado_do_auto_de_criacao_da_vila_de_jundiahy_p002_p024.jpg,Em nome da Magestade pellos poderes que
traslado_do_auto_de_criacao_da_vila_de_jundiahy_p002_p025.jpg,o dito Senhor Consedia ao Marques do Rosario
traslado_do_auto_de_criacao_da_vila_de_jundiahy_p002_p026.jpg,e o seu Capitão mõr por bem deste povo e por
traslado_do_auto_de_criacao_da_vila_de_jundiahy_p002_p027.jpg,Servisso de El Rey Nosso Senhor Dom João o quarto
traslado_do_auto_de_criacao_da_vila_de_jundiahy_p002_p028.jpg,de Portugal Deos o goarde e Em bem e conser
traslado_do_auto_de_criacao_da_vila_de_jundiahy_p002_p029.jpg,vação das Terras e aumento do Marques de Cas
traslado_do_auto_de_criacao_da_vila_de_jundiahy_p003_p000.jpg,Cais Senhor Prepetuo desta Capitania por Sua
traslado_do_auto_de_criacao_da_vila_de_jundiahy_p003_p001.jpg,Magestade o que tudo visto pello dito Capi
traslado_do_auto_de_criacao_da_vila_de_jundiahy_p003_p002.jpg,tam mõr e ouvidor desta Capitania Seus
traslado_do_auto_de_criacao_da_vila_de_jundiahy_p003_p003.jpg,requerimentos mandou a mim Tabelião
traslado_do_auto_de_criacao_da_vila_de_jundiahy_p003_p004.jpg,lhe tomasse e continuasse na forma do Es
traslado_do_auto_de_criacao_da_vila_de_jundiahy_p003_p005.jpg,tillo e lhe autuasse com a petição que elles
traslado_do_auto_de_criacao_da_vila_de_jundiahy_p003_p006.jpg,ditos povoadores Haviam feito ao dito Capi
traslado_do_auto_de_criacao_da_vila_de_jundiahy_p003_p007.jpg,tão mõr e ouvidor de que mandara dar
traslado_do_auto_de_criacao_da_vila_de_jundiahy_p003_p008.jpg,vista a Camara da villa de Sam Paulo
traslado_do_auto_de_criacao_da_vila_de_jundiahy_p003_p009.jpg,e a Resposta dos ditos officiais della e que
traslado_do_auto_de_criacao_da_vila_de_jundiahy_p003_p010.jpg,tudo junto lhe fizesse concluzo para de
traslado_do_auto_de_criacao_da_vila_de_jundiahy_p003_p011.jpg,ferir com justissa de que de tudo fiz este
traslado_do_auto_de_criacao_da_vila_de_jundiahy_p003_p012.jpg,auto Em que assignou o dito Capitam
traslado_do_auto_de_criacao_da_vila_de_jundiahy_p003_p013.jpg,mõr Com todos os ditos freguezes abaixo a
traslado_do_auto_de_criacao_da_vila_de_jundiahy_p003_p014.jpg,signados e Eu Francisco Novo de Mandonssa
traslado_do_auto_de_criacao_da_vila_de_jundiahy_p003_p015.jpg,Tabelião o Escrevy = Miguel de Cabedo de
traslado_do_auto_de_criacao_da_vila_de_jundiahy_p003_p016.jpg,vasconcellos = Paschoal Ribeiro de Faria = Pe
traslado_do_auto_de_criacao_da_vila_de_jundiahy_p003_p017.jpg,dro Lemeda Prado = Gaspar Sardinha da Sil
traslado_do_auto_de_criacao_da_vila_de_jundiahy_p003_p018.jpg,va = Alberto de Oliveira = Antonio Gil =
traslado_do_auto_de_criacao_da_vila_de_jundiahy_p003_p019.jpg,Estevão Fernandes Gaya = Manoel Fernandes =
traslado_do_auto_de_criacao_da_vila_de_jundiahy_p003_p020.jpg,Gaspar de Souza Falcão = Estácio Ferreyra =
traslado_do_auto_de_criacao_da_vila_de_jundiahy_p003_p021.jpg,Pedro Cabral de Mello = Salvador Ribeiro =
traslado_do_auto_de_criacao_da_vila_de_jundiahy_p003_p022.jpg,João Leme do Prado = João Pais Mello = Mathias
traslado_do_auto_de_criacao_da_vila_de_jundiahy_p003_p023.jpg,Machado Castello Branco = Antonio Luis da penha
traslado_do_auto_de_criacao_da_vila_de_jundiahy_p003_p024.jpg,Da penha = Lourenço vaz Ferreyra = Francisco Ga
traslado_do_auto_de_criacao_da_vila_de_jundiahy_p003_p025.jpg,ya = Joze de oliveira = Antonio Alvres Bezerra
traslado_do_auto_de_criacao_da_vila_de_jundiahy_p003_p026.jpg,= Francisco Cabral de Tavora = Domingos Cor
traslado_do_auto_de_criacao_da_vila_de_jundiahy_p003_p027.jpg,deiro = Jozê Fernandes de oliveira = Joâo Leme
traslado_do_auto_de_criacao_da_vila_de_jundiahy_p003_p028.jpg,o mosso = Francisco Fanacho = Joâo Ribeiro = Se
traslado_do_auto_de_criacao_da_vila_de_jundiahy_p004_p000.jpg,bastião Martins = Pedro Ferreira = Bento Gil =
traslado_do_auto_de_criacao_da_vila_de_jundiahy_p004_p001.jpg,Estevão Cobral = Antonio Fernandes Preto =
traslado_do_auto_de_criacao_da_vila_de_jundiahy_p004_p002.jpg,Joze Duarte = Pedro da Silva = João de Lourei
traslado_do_auto_de_criacao_da_vila_de_jundiahy_p004_p003.jpg,ra da Costa = Joze Rapozo Bocarro = Pedro Pe
traslado_do_auto_de_criacao_da_vila_de_jundiahy_p004_p004.jpg,res de Freitas = Jaçinto Nogueira Pais = Mano
traslado_do_auto_de_criacao_da_vila_de_jundiahy_p004_p005.jpg,el Antonio =
traslado_do_auto_de_criacao_da_vila_de_jundiahy_p004_p006.jpg,Senhor Capitão mor e ouvidor
traslado_do_auto_de_criacao_da_vila_de_jundiahy_p004_p007.jpg,Os abaixo assignados fazemos saber a vossa
traslado_do_auto_de_criacao_da_vila_de_jundiahy_p004_p008.jpg,merce Em como Somos moradores em hum
traslado_do_auto_de_criacao_da_vila_de_jundiahy_p004_p009.jpg,lugar e citio chamado Jundiahy doze Legoas
traslado_do_auto_de_criacao_da_vila_de_jundiahy_p004_p010.jpg,"distante da villa de Sam Paulo, cito da villa"
traslado_do_auto_de_criacao_da_vila_de_jundiahy_p004_p011.jpg,"de Santa Anna de Parnahiba, e porquanto no"
traslado_do_auto_de_criacao_da_vila_de_jundiahy_p004_p012.jpg,dito Çitio Esta Huã Parochia da avocação
traslado_do_auto_de_criacao_da_vila_de_jundiahy_p004_p013.jpg,de Nossa Senhora do DesTerro [rasura] Com
traslado_do_auto_de_criacao_da_vila_de_jundiahy_p004_p014.jpg,Titullo de Capella Curada de que elles mo
traslado_do_auto_de_criacao_da_vila_de_jundiahy_p004_p015.jpg,radores Gozão e nella sustentão Hum viga
traslado_do_auto_de_criacao_da_vila_de_jundiahy_p004_p016.jpg,rio Com despendio de Suas fazendas e ade
traslado_do_auto_de_criacao_da_vila_de_jundiahy_p004_p017.jpg,menistra os officios devinos Como He notorio
traslado_do_auto_de_criacao_da_vila_de_jundiahy_p004_p018.jpg,E nos ajuntamentos que se fazem ordinaria
traslado_do_auto_de_criacao_da_vila_de_jundiahy_p004_p019.jpg,mente em expecial nas festas principais
traslado_do_auto_de_criacao_da_vila_de_jundiahy_p004_p020.jpg,andão muitas pessoas Publicamente Com Ar
traslado_do_auto_de_criacao_da_vila_de_jundiahy_p004_p021.jpg,mas defezas por não Haver na dita Freguesia Jus
traslado_do_auto_de_criacao_da_vila_de_jundiahy_p004_p022.jpg,tissa que lhe Empida Correndo nesto muito
traslado_do_auto_de_criacao_da_vila_de_jundiahy_p004_p023.jpg,Risco de Haver alvorosos e mortes como ja por
traslado_do_auto_de_criacao_da_vila_de_jundiahy_p004_p024.jpg,"vezes Susedeo, e Tambem muitos pobres pe"
traslado_do_auto_de_criacao_da_vila_de_jundiahy_p004_p025.jpg,resse de justissa em cobramento de dividas que
traslado_do_auto_de_criacao_da_vila_de_jundiahy_p004_p026.jpg,se lhe deve por estarem Longe as villas assima
traslado_do_auto_de_criacao_da_vila_de_jundiahy_p004_p027.jpg,"nomeadas, E não poderem vir os menistros de"
traslado_do_auto_de_criacao_da_vila_de_jundiahy_p004_p028.jpg,Justissa falar delegençia por ser Longe e Se
traslado_do_auto_de_criacao_da_vila_de_jundiahy_p004_p029.jpg,talves Susede vir algum menistro He com muito dis
traslado_do_auto_de_criacao_da_vila_de_jundiahy_p005_p000.jpg,270/Verso.
traslado_do_auto_de_criacao_da_vila_de_jundiahy_p005_p001.jpg,"Muito dispendio, Como Tambem muitas pessoas que pe"
traslado_do_auto_de_criacao_da_vila_de_jundiahy_p005_p002.jpg,suem Terras por Titullos de Sismaria outras que
traslado_do_auto_de_criacao_da_vila_de_jundiahy_p005_p003.jpg,mais posse tem lhes Lavrão pedindo lhe aviri
traslado_do_auto_de_criacao_da_vila_de_jundiahy_p005_p004.jpg,guação dellas isto por falta de Justissa e por
traslado_do_auto_de_criacao_da_vila_de_jundiahy_p005_p005.jpg,quanto o Capitão Rafael de oliveira que Deos
traslado_do_auto_de_criacao_da_vila_de_jundiahy_p005_p006.jpg,Hoie aqui Tambem morador Conçederan
traslado_do_auto_de_criacao_da_vila_de_jundiahy_p005_p007.jpg,do o que acima se dis alcansou Procoiran
traslado_do_auto_de_criacao_da_vila_de_jundiahy_p005_p008.jpg,do Capitão João Luis Mafra para no Lu
traslado_do_auto_de_criacao_da_vila_de_jundiahy_p005_p009.jpg,gar acima dito fazer hum villa e Levantar
traslado_do_auto_de_criacao_da_vila_de_jundiahy_p005_p010.jpg,"Pelourinho, e Ser Capitão della Como mais"
traslado_do_auto_de_criacao_da_vila_de_jundiahy_p005_p011.jpg,claramente consta da Provizão a qual es
traslado_do_auto_de_criacao_da_vila_de_jundiahy_p005_p012.jpg,ta Comfirmada pello Capitão Francisco da
traslado_do_auto_de_criacao_da_vila_de_jundiahy_p005_p013.jpg,Fonseca Falcão e pello Capitão Manoel Pereira Lobo
traslado_do_auto_de_criacao_da_vila_de_jundiahy_p005_p014.jpg,e para o dito Capitão Rafael de Oliveira Conseguir
traslado_do_auto_de_criacao_da_vila_de_jundiahy_p005_p015.jpg,a merçe que se lhe Havia Conçedido alcan
traslado_do_auto_de_criacao_da_vila_de_jundiahy_p005_p016.jpg,sou Lisenssa do Senhor Prelado para fazer
traslado_do_auto_de_criacao_da_vila_de_jundiahy_p005_p017.jpg,"a Igreja acima dita, e a fez muim suntuoza"
traslado_do_auto_de_criacao_da_vila_de_jundiahy_p005_p018.jpg,como Hê no termo ajuda de Alguns moradores
traslado_do_auto_de_criacao_da_vila_de_jundiahy_p005_p019.jpg,que no dito Lugar Havião Estando para tra
traslado_do_auto_de_criacao_da_vila_de_jundiahy_p005_p020.jpg,tar de Levantar Pelourinho Faleçeu e ficou
traslado_do_auto_de_criacao_da_vila_de_jundiahy_p005_p021.jpg,sem efetuarçe seu intento e dos mais mora
traslado_do_auto_de_criacao_da_vila_de_jundiahy_p005_p022.jpg,dores e porque Hoie Hâ muito mais moradores
traslado_do_auto_de_criacao_da_vila_de_jundiahy_p005_p023.jpg,e de posse como se vera pellos que vão assigna
traslado_do_auto_de_criacao_da_vila_de_jundiahy_p005_p024.jpg,das = Pedem Geralmente a vossa merçe Ha
traslado_do_auto_de_criacao_da_vila_de_jundiahy_p005_p025.jpg,vendo Respeito ao que em sua petição a
traslado_do_auto_de_criacao_da_vila_de_jundiahy_p005_p026.jpg,Legão lhes fossa merçe como Cappitão mor e ou
traslado_do_auto_de_criacao_da_vila_de_jundiahy_p005_p027.jpg,vidor Em nome de Sua Magestade Levantar lhes
traslado_do_auto_de_criacao_da_vila_de_jundiahy_p005_p028.jpg,pelourinho na dita Freguezia de Nossa Senhora do DesTerro
traslado_do_auto_de_criacao_da_vila_de_jundiahy_p005_p029.jpg,"çita Em Jundiahy, Repartição da Capi"
traslado_do_auto_de_criacao_da_vila_de_jundiahy_p005_p030.jpg,tania de Sam viçente e dar lhe nome de villa
traslado_do_auto_de_criacao_da_vila_de_jundiahy_p005_p031.jpg,que se chamara villa formoza do desTerro
traslado_do_auto_de_criacao_da_vila_de_jundiahy_p006_p000.jpg,e Eleger Justissa Juridicamente porque os di
traslado_do_auto_de_criacao_da_vila_de_jundiahy_p006_p001.jpg,tos moradores adeministrem com o que se po
traslado_do_auto_de_criacao_da_vila_de_jundiahy_p006_p002.jpg,derão Justar muito na Ley e Rezutar muitos bens a
traslado_do_auto_de_criacao_da_vila_de_jundiahy_p006_p003.jpg,si do serviço de Deus como da Real coroa com muito da dita
traslado_do_auto_de_criacao_da_vila_de_jundiahy_p006_p004.jpg,Da dita Capitania e Em nome da Magestade lhe
traslado_do_auto_de_criacao_da_vila_de_jundiahy_p006_p005.jpg,Conçeda as merçes e priminençias que o dito Senhor
traslado_do_auto_de_criacao_da_vila_de_jundiahy_p006_p006.jpg,Conçece a todos os que povoão Em seus Reynos
traslado_do_auto_de_criacao_da_vila_de_jundiahy_p006_p007.jpg,novas Povoaçoens com mais os que pello Fo
traslado_do_auto_de_criacao_da_vila_de_jundiahy_p006_p008.jpg,ral se conçede ordinariamente E Receberá Mercê Al
traslado_do_auto_de_criacao_da_vila_de_jundiahy_p006_p009.jpg,berto de oliveira Costa = Hieronimo de Camargo =
traslado_do_auto_de_criacao_da_vila_de_jundiahy_p006_p010.jpg,Salvador Ribeiro = Lourenço vas Ferreira = Mathias
traslado_do_auto_de_criacao_da_vila_de_jundiahy_p006_p011.jpg,Luis Grou = Estacio Ferreira = Jozê Fernandes de oliveira
traslado_do_auto_de_criacao_da_vila_de_jundiahy_p006_p012.jpg,Francisco Cordeiro da Silva = Francisco Gayo = Domingos
traslado_do_auto_de_criacao_da_vila_de_jundiahy_p006_p013.jpg,Cordeiro = Domingos Antunes = Jozê Antunes Manoel
traslado_do_auto_de_criacao_da_vila_de_jundiahy_p006_p014.jpg,Antunes Hieronimo Bicudo = Manoel Jorge =
traslado_do_auto_de_criacao_da_vila_de_jundiahy_p006_p015.jpg,Antonio Alvez [Rasura] = Manoel Fernandez = Joâo Pais = Ma
traslado_do_auto_de_criacao_da_vila_de_jundiahy_p006_p016.jpg,thias Machado = Sebastiam Rodriguez Pais = Jacinto
traslado_do_auto_de_criacao_da_vila_de_jundiahy_p006_p017.jpg,Nogueira = Paschoal Ribeiro de Faria = Antônio da
traslado_do_auto_de_criacao_da_vila_de_jundiahy_p006_p018.jpg,Rocha = Manoel Madeira = Manoel Rodriguez = Mathias
traslado_do_auto_de_criacao_da_vila_de_jundiahy_p006_p019.jpg,Guedes = Romão Fernades = Manoel Fanacho =
traslado_do_auto_de_criacao_da_vila_de_jundiahy_p006_p020.jpg,Domingos Dias Grou = Antonio Luis Grou = An
traslado_do_auto_de_criacao_da_vila_de_jundiahy_p006_p021.jpg,dre Luis = Pedro Cabral de Mello = Andre
traslado_do_auto_de_criacao_da_vila_de_jundiahy_p006_p022.jpg,Luis = Alberto Maçiel = Joâo Paulo = Joze
traslado_do_auto_de_criacao_da_vila_de_jundiahy_p006_p023.jpg,Duarte = Joâo Ribeiro = Simão Jorge = Pedro
traslado_do_auto_de_criacao_da_vila_de_jundiahy_p006_p024.jpg,Fernandez = Antonio de Freitas = Joâo Raposo Bo
traslado_do_auto_de_criacao_da_vila_de_jundiahy_p006_p025.jpg,carro = Domingos Alvarez = Gaspar de Souza
traslado_do_auto_de_criacao_da_vila_de_jundiahy_p006_p026.jpg,Falcão = Gaspar Sardinha = João Leme do Pra
traslado_do_auto_de_criacao_da_vila_de_jundiahy_p006_p027.jpg,do = Joâo Bernardes = Joâo de oliveira An
traslado_do_auto_de_criacao_da_vila_de_jundiahy_p006_p028.jpg,tonio de oliveira = Mathias de Castilho = Gaspar
traslado_do_auto_de_criacao_da_vila_de_jundiahy_p007_p000.jpg,de Oliveira = Antonio do Prado = Pedro Bezerra
traslado_do_auto_de_criacao_da_vila_de_jundiahy_p007_p001.jpg,= Pedro Leme o mosso = Manoel Cabral =
traslado_do_auto_de_criacao_da_vila_de_jundiahy_p007_p002.jpg,Manoel de Freitas = Paschoal Dias Rodrigues
traslado_do_auto_de_criacao_da_vila_de_jundiahy_p007_p003.jpg,= Paschoal Dias o mosso = Alonço peres = Ma
traslado_do_auto_de_criacao_da_vila_de_jundiahy_p007_p004.jpg,noel Peres o mosso = Antonio Gil = Bento Gil = Es
traslado_do_auto_de_criacao_da_vila_de_jundiahy_p007_p005.jpg,tevão Cabral de Tavora = Joâo Ribeiro = Francisco
traslado_do_auto_de_criacao_da_vila_de_jundiahy_p007_p006.jpg,Cabral de Tavora = Inoçencio ortis de carneiro = Tho
traslado_do_auto_de_criacao_da_vila_de_jundiahy_p007_p007.jpg,me do Prado = Joâo Leme o mosso = Despacho
traslado_do_auto_de_criacao_da_vila_de_jundiahy_p007_p008.jpg,Havião vistas aos officiaes da camara desta vila
traslado_do_auto_de_criacao_da_vila_de_jundiahy_p007_p009.jpg,"de Sam Paolo, e satisfeito torne deferiris [deteriorado]"
traslado_do_auto_de_criacao_da_vila_de_jundiahy_p007_p010.jpg,271/Verso.
traslado_do_auto_de_criacao_da_vila_de_jundiahy_p007_p011.jpg,São Paulo sete de dezembro de 656 annos = Miguel de
traslado_do_auto_de_criacao_da_vila_de_jundiahy_p007_p012.jpg,Cabedo de vasconçellos = Resposta da Camara
traslado_do_auto_de_criacao_da_vila_de_jundiahy_p007_p013.jpg,de São Paulo = Não temos duvida nenhuma
traslado_do_auto_de_criacao_da_vila_de_jundiahy_p007_p014.jpg,a se fazer a dita vila porquanto não prejudica
traslado_do_auto_de_criacao_da_vila_de_jundiahy_p007_p015.jpg,"a esta, e ficar muin distante. Em camara São"
traslado_do_auto_de_criacao_da_vila_de_jundiahy_p007_p016.jpg,Paulo 9 de dezembro de 1656. Cunha = Porto =
traslado_do_auto_de_criacao_da_vila_de_jundiahy_p007_p017.jpg,Joâo Miranda Bonavides = Aguiar = Termo de com
traslado_do_auto_de_criacao_da_vila_de_jundiahy_p007_p018.jpg,clusão                  E logo no mesmo dia mes e Anno
traslado_do_auto_de_criacao_da_vila_de_jundiahy_p007_p019.jpg,"atras declarado, Eu Tabelião fiz Comclu"
traslado_do_auto_de_criacao_da_vila_de_jundiahy_p007_p020.jpg,zo ao ouvidor destas Capitanias o Capitão
traslado_do_auto_de_criacao_da_vila_de_jundiahy_p007_p021.jpg,mor e ouvidor Miguel de Cabedo de vasconçellos
traslado_do_auto_de_criacao_da_vila_de_jundiahy_p007_p022.jpg,para provar E mandar o que lhe parecer Jus
traslado_do_auto_de_criacao_da_vila_de_jundiahy_p007_p023.jpg,tissa no Requerimento que se lhe fez os povoa
traslado_do_auto_de_criacao_da_vila_de_jundiahy_p007_p024.jpg,dores E moradores de Jundiahy de que fiz
traslado_do_auto_de_criacao_da_vila_de_jundiahy_p007_p025.jpg,este Termo de concluzão Eu Francisco Nobo de
traslado_do_auto_de_criacao_da_vila_de_jundiahy_p007_p026.jpg,Mendonça Tabelião da vila de São Paulo e da ouvidoria em
traslado_do_auto_de_criacao_da_vila_de_jundiahy_p007_p027.jpg,auzência do Proprietario o escrevy. Sentença
traslado_do_auto_de_criacao_da_vila_de_jundiahy_p007_p028.jpg,Vistos a petição dos Povoadores e moradores da
traslado_do_auto_de_criacao_da_vila_de_jundiahy_p007_p029.jpg,freguezia de Nossa Senhora  do DesTerro de Jundiahy e os Re
traslado_do_auto_de_criacao_da_vila_de_jundiahy_p008_p000.jpg,querimentos por todos eles feitos Resposta dos
traslado_do_auto_de_criacao_da_vila_de_jundiahy_p008_p001.jpg,offiçiais da camara da vila de São Paulo da vila
traslado_do_auto_de_criacao_da_vila_de_jundiahy_p008_p002.jpg,que lhe mandey dar E não porem duvida al
traslado_do_auto_de_criacao_da_vila_de_jundiahy_p008_p003.jpg,guã e que lhe for me vistas e se ademenistre Justiça
traslado_do_auto_de_criacao_da_vila_de_jundiahy_p008_p004.jpg,nesta dita Povoação pellas cauzas aponta
traslado_do_auto_de_criacao_da_vila_de_jundiahy_p008_p005.jpg,"das em Sua petiçam e Requerimentos, e Ser tu"
traslado_do_auto_de_criacao_da_vila_de_jundiahy_p008_p006.jpg,do o Referido por serviço de Magestade bem e com
traslado_do_auto_de_criacao_da_vila_de_jundiahy_p008_p007.jpg,servação a este povo e aumento das Terras do
traslado_do_auto_de_criacao_da_vila_de_jundiahy_p008_p008.jpg,Marques do Rosario Perpeteo desta capita
traslado_do_auto_de_criacao_da_vila_de_jundiahy_p008_p009.jpg,nia de São viçente o que tudo nisto comfor
traslado_do_auto_de_criacao_da_vila_de_jundiahy_p008_p010.jpg,mando me com o foral e doaçâo do dito Senhor fei
traslado_do_auto_de_criacao_da_vila_de_jundiahy_p008_p011.jpg,to o donatario desta Capitania pellos pode
traslado_do_auto_de_criacao_da_vila_de_jundiahy_p008_p012.jpg,res que lhe conçede e o Seus Capitaens mores
traslado_do_auto_de_criacao_da_vila_de_jundiahy_p008_p013.jpg,e governadores para poderem Levantar Pelou
traslado_do_auto_de_criacao_da_vila_de_jundiahy_p008_p014.jpg,"[rinhos] e formar villas, e criar Justissa como"
traslado_do_auto_de_criacao_da_vila_de_jundiahy_p008_p015.jpg,"Como lhes He Conçecido, mando a todos os povo"
traslado_do_auto_de_criacao_da_vila_de_jundiahy_p008_p016.jpg,"adores, E moradores desta Freguesia Se juntem a por"
traslado_do_auto_de_criacao_da_vila_de_jundiahy_p008_p017.jpg,ta da Igreja para que todos juntos em com para delle
traslado_do_auto_de_criacao_da_vila_de_jundiahy_p008_p018.jpg,dito Capitam mor e ouvidor se acha me a El Rey
traslado_do_auto_de_criacao_da_vila_de_jundiahy_p008_p019.jpg,Nosso Senhor e Se Levante Pelourinho Em seu Real
traslado_do_auto_de_criacao_da_vila_de_jundiahy_p008_p020.jpg,nome e se funde e forme esta nova vila de
traslado_do_auto_de_criacao_da_vila_de_jundiahy_p008_p021.jpg,Nossa Senhora do desTerro de Jundiahy Com toda a
traslado_do_auto_de_criacao_da_vila_de_jundiahy_p008_p022.jpg,solenidade que Se Requer Hoie 14 de dezembro
traslado_do_auto_de_criacao_da_vila_de_jundiahy_p008_p023.jpg,de 1656 annos = o Capitam mor ouvidor Miguel
traslado_do_auto_de_criacao_da_vila_de_jundiahy_p008_p024.jpg,de Cabedo de vasconcellos.    Termo de torna dos
traslado_do_auto_de_criacao_da_vila_de_jundiahy_p008_p025.jpg,autos         Foi me tornado este Requerimento  e peti
traslado_do_auto_de_criacao_da_vila_de_jundiahy_p008_p026.jpg,ção dos Povoadores E moradores da povoação nova
traslado_do_auto_de_criacao_da_vila_de_jundiahy_p008_p027.jpg,de Jundiahy Com o despacho atras e assima do ou
traslado_do_auto_de_criacao_da_vila_de_jundiahy_p008_p028.jpg,vidor e Capitam môr destas Capitanias E mandou se
traslado_do_auto_de_criacao_da_vila_de_jundiahy_p009_p000.jpg,Comprisse assim e da maneira que nella Se conti
traslado_do_auto_de_criacao_da_vila_de_jundiahy_p009_p001.jpg,nha dito dia mes e Anno assima e Eu Francisco Nobo
traslado_do_auto_de_criacao_da_vila_de_jundiahy_p009_p002.jpg,de Mendonça Tabelião e escrivão da ouvidoria em auzência
traslado_do_auto_de_criacao_da_vila_de_jundiahy_p009_p003.jpg,do Proprietario que o escrevy.
traslado_do_auto_de_criacao_da_vila_de_jundiahy_p009_p004.jpg,E logo no mesmo
traslado_do_auto_de_criacao_da_vila_de_jundiahy_p009_p005.jpg,dia mes e Anno atras declarado Eu Tabelião
traslado_do_auto_de_criacao_da_vila_de_jundiahy_p009_p006.jpg,Em Companhia do Capitam môr e ouvidor Com alsada nes
traslado_do_auto_de_criacao_da_vila_de_jundiahy_p009_p007.jpg,ta Capitania por Sua Magestade fomos com todos
traslado_do_auto_de_criacao_da_vila_de_jundiahy_p009_p008.jpg,os Povoadores E moradores os abaixo assignados
traslado_do_auto_de_criacao_da_vila_de_jundiahy_p009_p009.jpg,desta Freguesia de Nossa Senhora do desTerro que presente es
traslado_do_auto_de_criacao_da_vila_de_jundiahy_p009_p010.jpg,tavão a porta da Igreja e indo todos juntos Emcor
traslado_do_auto_de_criacao_da_vila_de_jundiahy_p009_p011.jpg,porados ao meyo da praça della onde o dito capitam
traslado_do_auto_de_criacao_da_vila_de_jundiahy_p009_p012.jpg,môr fez Lista de todos os povoadores e morado
traslado_do_auto_de_criacao_da_vila_de_jundiahy_p009_p013.jpg,res onde lhe Requererão de novo da parte de Magestade
traslado_do_auto_de_criacao_da_vila_de_jundiahy_p009_p014.jpg,lhe fundasse e fornasse vila e Levantasse Pelourinho
traslado_do_auto_de_criacao_da_vila_de_jundiahy_p009_p015.jpg,pellos poderes que lhe herão conçedidos pello foral
traslado_do_auto_de_criacao_da_vila_de_jundiahy_p009_p016.jpg,e doação do donatario como Capitam môr e ouvidor
traslado_do_auto_de_criacao_da_vila_de_jundiahy_p009_p017.jpg,que Hera desta Capitania pois lhe contou Ha
traslado_do_auto_de_criacao_da_vila_de_jundiahy_p009_p018.jpg,verdade de Sua Petiçam e Requerimento para que com efeito
